<?xml version="1.0" encoding="UTF-8"?>
<root>
  <item name="com.afollestad.easyvideoplayer.EasyVideoPlayer mLeftAction">
    <annotation name="android.support.annotation.IntDef">
      <val name="value" val="{com.afollestad.easyvideoplayer.EasyVideoPlayer.LEFT_ACTION_NONE, com.afollestad.easyvideoplayer.EasyVideoPlayer.LEFT_ACTION_RESTART, com.afollestad.easyvideoplayer.EasyVideoPlayer.LEFT_ACTION_RETRY}" />
    </annotation>
  </item>
  <item name="com.afollestad.easyvideoplayer.EasyVideoPlayer mRightAction">
    <annotation name="android.support.annotation.IntDef">
      <val name="value" val="{com.afollestad.easyvideoplayer.EasyVideoPlayer.RIGHT_ACTION_NONE, com.afollestad.easyvideoplayer.EasyVideoPlayer.RIGHT_ACTION_SUBMIT, com.afollestad.easyvideoplayer.EasyVideoPlayer.RIGHT_ACTION_CUSTOM_LABEL}" />
    </annotation>
  </item>
  <item name="com.afollestad.easyvideoplayer.EasyVideoPlayer void setLeftAction(int) 0">
    <annotation name="android.support.annotation.IntDef">
      <val name="value" val="{com.afollestad.easyvideoplayer.EasyVideoPlayer.LEFT_ACTION_NONE, com.afollestad.easyvideoplayer.EasyVideoPlayer.LEFT_ACTION_RESTART, com.afollestad.easyvideoplayer.EasyVideoPlayer.LEFT_ACTION_RETRY}" />
    </annotation>
  </item>
  <item name="com.afollestad.easyvideoplayer.EasyVideoPlayer void setRightAction(int) 0">
    <annotation name="android.support.annotation.IntDef">
      <val name="value" val="{com.afollestad.easyvideoplayer.EasyVideoPlayer.RIGHT_ACTION_NONE, com.afollestad.easyvideoplayer.EasyVideoPlayer.RIGHT_ACTION_SUBMIT, com.afollestad.easyvideoplayer.EasyVideoPlayer.RIGHT_ACTION_CUSTOM_LABEL}" />
    </annotation>
  </item>
  <item name="com.afollestad.easyvideoplayer.EasyVideoPlayer.LeftAction">
    <annotation name="android.support.annotation.IntDef">
      <val name="value" val="{com.afollestad.easyvideoplayer.EasyVideoPlayer.LEFT_ACTION_NONE, com.afollestad.easyvideoplayer.EasyVideoPlayer.LEFT_ACTION_RESTART, com.afollestad.easyvideoplayer.EasyVideoPlayer.LEFT_ACTION_RETRY}" />
    </annotation>
  </item>
  <item name="com.afollestad.easyvideoplayer.EasyVideoPlayer.RightAction">
    <annotation name="android.support.annotation.IntDef">
      <val name="value" val="{com.afollestad.easyvideoplayer.EasyVideoPlayer.RIGHT_ACTION_NONE, com.afollestad.easyvideoplayer.EasyVideoPlayer.RIGHT_ACTION_SUBMIT, com.afollestad.easyvideoplayer.EasyVideoPlayer.RIGHT_ACTION_CUSTOM_LABEL}" />
    </annotation>
  </item>
  <item name="com.afollestad.easyvideoplayer.IUserMethods void setLeftAction(int) 0">
    <annotation name="android.support.annotation.IntDef">
      <val name="value" val="{com.afollestad.easyvideoplayer.EasyVideoPlayer.LEFT_ACTION_NONE, com.afollestad.easyvideoplayer.EasyVideoPlayer.LEFT_ACTION_RESTART, com.afollestad.easyvideoplayer.EasyVideoPlayer.LEFT_ACTION_RETRY}" />
    </annotation>
  </item>
  <item name="com.afollestad.easyvideoplayer.IUserMethods void setRightAction(int) 0">
    <annotation name="android.support.annotation.IntDef">
      <val name="value" val="{com.afollestad.easyvideoplayer.EasyVideoPlayer.RIGHT_ACTION_NONE, com.afollestad.easyvideoplayer.EasyVideoPlayer.RIGHT_ACTION_SUBMIT, com.afollestad.easyvideoplayer.EasyVideoPlayer.RIGHT_ACTION_CUSTOM_LABEL}" />
    </annotation>
  </item>
</root>

